№	Context	Dominant response	Number of completions	Ommitted completions or no completion	Number of unique responses	Alternative completions	Percentage of ending agreement %EA	H-statistic	Frequency (ipm)	Number of syllables	ART	ART'
1	Отправитель наклеил на письмо	марку	170	2	8	марку 160, марки 4, штемпель 1, штамп 1, две марки 1, почтовую, марку 1, — 1, почтовые марки 1	94.117647	0.471106	48.0	2	1697.652941	1536.941176
2	Кошки превосходно видят в	темноте	171	1	6	темноте 159, ночи 8, темонте 1, ночь 1, штанах 1, комнате 1	92.982456	0.477803	68.6	3	1047.994152	944.011696
3	Перед сном бабушка выключила в комнате	свет	172	0	17	свет 137, телевизор 12, лампу 4, светильник 3, утюг 2, ночник 2, торшер 2, музыку 1, темноту 1, радио 1, обогреватель 1, радиоприемник 1, люстру 1, лампадку ? 1, электричество 1, телефизор 1, приемник 1	79.651163	1.413446	359.7	1	1644.447674	1433.325581
4	Артисты поклонились и ушли за	кулисы	172	0	17	кулисы 131, сцену 14, занавес 11, пивом 2, ширму 2, кулис 1, актером 1, нет ответа 1, как они называются, за кулисы 1, навес 1, кулису 1, дом 1, зановесь 1, дверь 1, рамки 1, стол 1, кулисами 1	76.162791	1.515014	15.0	3	1551.087209	1398.220930
5	Туристы спускались на байдарках по	реке	171	1	17	реке 138, горной реке 6, склону 5, речке 4, порогам 2, течению 2, Волге 2, озеру 2, реке  2, реке Кура 1, водопаду 1, горной реке  1, Оке 1, каналу 1, течению реки 1, сплаву 1, реке Волге 1	80.701754	1.417292	131.0	2	1434.602339	1238.093567
6	Проводник положил лимон и сахар в	чай	172	0	15	чай 82, стакан 61, чашку 10, кружку 5, кофе 3, стакан чая 2, столешницу 1, чашечку 1, - 1, стакан, чай 1, бокал 1, стаканчик 1, шкафу 1, вот в эту выемку между полочками, где полотенца складываешь на ночь 1, стакан с чайем 1	47.674419	1.992090	106.8	1	1115.343023	959.000000
7	Гости положили грязные тарелки в	раковину	172	0	13	раковину 98, мойку 34, посудомойку 22, посудомоечную машину 6, шкаф 4, машину 1, умывальник 1, мусор 1, рукомойник 1, машину посудомоечную 1, стопку 1, поднос 1, деньги 1	56.976744	1.944680	13.9	4	1457.156977	1319.680233
8	Учитель написал пример мелом на	доске	171	1	4	доске 168, плитке 1, потолке 1, окне 1	98.245614	0.155225	67.1	2	934.157895	822.257310
9	После ужина хозяйка помыла	посуду	170	2	17	посуду 139, пол 7, тарелки 5, стол 3, окно 2, полы 2, кастрюлю 2, NR 1, тарелку 1, руки 1, раму 1, ложку 1, цветы 1, шторы 1, ребенка 1, окна 1, ванную 1	81.764706	1.341457	31.3	3	1645.858824	1489.882353
10	В избе старуха топила	печь	172	0	9	печь 145, печку 18, баню 3, лед 1, - 1, избу 1, соседей 1, масло 1, котят 1	84.302326	0.909402	32.6	1	1701.011628	1530.581395
11	Моя маленькая сестрёнка увлекается лепкой из	глины	171	1	10	глины 89, пластилина 46, пластелина 29, пельменей 1, капусты 1, теста 1, полимерной глины 1, - 1, стол 1, песка 1	52.046784	1.737703	18.4	2	1314.298246	1149.912281
12	Войдя в квартиру, жилец плотно закрыл	дверь	172	0	13	дверь 146, окна 6, двери 4, окно 3, ставни 3, шторы 3, слив 1, занавески 1, рот 1, плотно 1, замок 1, шторку 1, входную дверь 1	84.883721	1.103655	450.8	1	1542.325581	1404.790698
13	На новый год мы всегда украшаем	елку	171	1	15	елку 138, дом 10, квартиру 5, комнату 4, елочку 2, ель 2, стол 2, 819 1, двери 1, зал 1, баню 1, игрушками 1, хату 1, новогоднюю елку 1, дверь 1	80.701754	1.337120	22.3	2	1753.830409	1636.070175
14	Певица высушила волосы с помощью	фена	172	0	6	фена 163, полотенца 5, утюга 1, сушилки 1, ветра 1, духовки 1	94.767442	0.394565	2.0	2	1696.866279	1540.511628
15	Бегун завязал на ботинках 	шнурки	172	0	10	шнурки 153, шнурок 6, узел 3, бантик 3, шнурочки 2, банты 1, бантики 1, кроссовки 1, шнуровку 1, узлы 1	88.953488	0.813475	7.5	2	1907.825581	1726.337209
16	Помолившись, старушка осторожно задула	свечу	172	0	13	свечу 116, свечку 22, свечи 20, лампаду 3, свечки 3, огонь 1, - 1, свет 1, лампу 1, лучину 1, кадило 1, нет ответа 1, свечь 1	67.441860	1.672883	31.6	2	1695.279070	1478.389535
17	Все гости дружно уселись за	стол	172	0	6	стол 153, столом 14, столы 2, компьютер 1, обед 1, круглым столом 1	88.953488	0.649036	402.5	1	1172.912791	1030.784884
18	Бабушка купила таблетки от головной боли в	аптеке	169	3	11	аптеке 155, магазине 5, упаковке 1, лесу 1, каплях/аптеке 1, - 1, спине 1, пятницу 1, апетке 1, нет ответа 1, 12 вечера 1	91.715976	0.658815	15.1	3	1237.201183	1150.000000
19	Девочка гуляла по лужам и промочила	ноги	172	0	17	ноги 124, ботинки 12, ножки 7, носки 5, сапоги 5, обувь 4, сандали 3, туфли 3, сандалии 1, босоножки 1, руки 1, живот 1, шорты 1, кроссовки 1, сапожки 1, вещи 1, колготки 1	72.093023	1.811611	459.2	2	2062.889535	1917.465116
20	В семь лет дети начинают ходить в	школу	172	0	10	школу 156, сад 5, детский сад 4, туалет 1, ясли 1, детский сад, школу 1, тапочках 1, колготках 1, кружок 1, садик, школу 1	90.697674	0.704565	316.0	2	1021.668605	936.058140
21	Садовница поливает высохшее	дерево	169	3	14	дерево 79, растение 56, цветы 15, растения 6, деревья 2, деревце 2, кусты 2, цветы, дерево 1, поле 1, яблоко 1, - 1, цветы, клумбу 1, клумбы 1, растениие 1	46.745562	2.055769	171.9	3	2214.502959	2056.603550
22	Летом мальчик катался на двухколёсном	велосипеде	172	0	10	велосипеде 159, самокате 5, ягуаре 1, тренажере 1, мопеде 1, велолсипеде 1, влосипеде 1, велосепеде 1, дереве 1, тракторе 1	92.441860	0.598602	23.1	5	1944.058140	1789.156977
23	Художник точил цветной	карандаш	171	1	7	карандаш 163, нож 3, мелок 1, карндаш 1, карандашик 1, металл 1, метал 1	95.321637	0.385118	46.6	3	1686.356725	1550.076023
24	На стене висела картина в бронзовой	раме	171	1	13	раме 97, оправе 32, рамке 31, окантовке 2, оправой 1, - 1, рамой 1, шкатулке 1, рамкой 1, головой 1, подставке 1, иллюстрацией 1, ладно, рамке, но там слово какое-то есть для этого правильное  1	56.725146	1.828545	21.2	2	2310.397661	2099.871345
25	Выпускница надела босоножки на высоких 	каблуках	172	0	6	каблуках 163, шпильках 5, кабулуках 1, ботфортах 1, платформах 1, лабутенах 1	94.767442	0.394565	16.3	3	1674.412791	1437.645349
26	На экзамене студент допустил досадную	ошибку	171	1	7	ошибку 153, оплошность 11, описку 3, оплошность ошибку 1, помарку 1, промашку 1, оговорку 1	89.473684	0.674057	104.4	3	1774.678363	1624.415205
27	Начальник резко высказал своё	мнение	172	0	16	мнение 112, недовольство 26, негодование 8, неудовольствие 7, неодобрение 5, отношение 2, недоумение 2, фе 2, работникам 1, - 1, презрение 1, предложение 1, возмущение 1, неудовольствия 1, пожелание 1, отвращение 1	65.116279	1.926868	228.4	3	1672.069767	1507.662791
28	В новом семестре студенты приступили к изучению испанского	языка	172	0	7	языка 166, уха 1, алфавита 1, яязыка 1, язяка 1, барокко 1, язвка 1	96.511628	0.308494	324.9	3	1770.377907	1516.709302
29	Часто дети богатых родителей учатся в частных	школах	171	1	16	школах 133, заведениях 7, колледжах 6, гимназиях 5, пансионах 3, университетах 3, пансионатах 2, вузах 2, учереждениях 2, учебных заведениях 2, домах 1, учреждениях 1, актерских 1, школах или эмм колледжах 1, коллеждах 1, институтах 1	77.777778	1.554500	316.0	2	1755.035088	1593.877193
30	Девочки хором пели весёлую	песню	171	1	7	песню 140, песенку 23, частушку 3, мелодию 2, песнь 1, колыбельную 1, забавную песню 1	81.871345	0.933078	160.1	2	1674.584795	1573.251462
31	Именинник налил в стакан апельсиновый	сок	172	0	7	сок 164, ликер 2, фреш 2, отвар 1, чай 1, напиток 1, грок 1	95.348837	0.387669	35.8	1	1790.889535	1664.470930
32	Брат прислушался и услышал из соседней комнаты женский	голос	171	1	15	голос 81, крик 36, смех 17, плач 16, стон 6, вопль 3, визг 3,  голос 2, вздох 1, разговор 1, хохот 1, голосок 1, оргазмический звук 1, шопот 1, шепот 1	47.368421	2.387726	424.5	2	1717.760234	1557.169591
33	Начинающий актёр мечтал сняться хотя бы в каком-нибудь	фильме	172	0	18	фильме 84, сериале 32, эпизоде 27, кино 11, боевике 2, клипе 2, спектакле 2, порно 2, ток-шоу 1, - 1, рекламном ролике 1, ролике 1, порнофильме 1, водевиле 1, трейлере 1, кинофильме 1, эпизодике 1, фильмы 1	48.837209	2.360042	196.8	2	1992.744186	1823.755814
34	Марина взяла пульт и выключила надоевший	телевизор	170	2	15	телевизор 126, сериал 11, канал 9, фильм 8, компьютер 4, телефизор 3, телефон/телевизор 1, первый канал 1, радиоприемник 1, видеомагнитофон 1, теелвизор 1, магнитофон 1, микрофон 1, Первый канал 1, телесериал 1	74.117647	1.630125	72.3	4	2092.294118	1853.735294
35	Сиделка сварила для больного куриный	бульон	172	0	6	бульон 130, суп 37, бульончик 2, суп, бульон 1, суп/бульон 1, гуляш 1	75.581395	0.986395	12.2	2	1472.436047	1211.529070
36	Моя двоюродная сестра учится на химическом	факультете	172	0	13	факультете 153, институте 4, отделении 4, университете 2, унивеситете 1, фаультете 1, ВУЗе 1, заводе 1, на бухгалтера 1, техникуме 1, профиле 1, колледже 1, классе 1	88.953488	0.865914	31.7	4	2057.848837	1854.540698
37	Невропатолог прописал мне успокоительные	таблетки	170	2	17	таблетки 97, лекарства 26, капли 18, средства 7, пилюли 6, препараты 4, таблеточки 2, микстуры 1, медикаменты 1, - 1, развлечения 1, антидепрессанты 1, средство 1, на дом 1, настои 1, теблетки 1, невесте 1	57.058824	2.217492	21.2	3	2181.823529	2084.758824
38	Жених подарил бриллиантовое кольцо своей	невесте	171	1	16	невесте 142, возлюбленной 8, жене 5, девушке 2, любимой 2, подруге 2, избраннице 1, будущей жене 1, знакомой 1, маме 1, капли 1, невевсте 1, соседке 1, бухгалтерше 1, невестке 1, любовнице 1	83.040936	1.237304	31.7	3	1594.116959	1471.631579
39	Сергей размешивал чай серебряной	ложкой	172	0	5	ложкой 138, ложечкой 27, вилкой 5, кружке 1, - 1	80.232558	0.909009	40.5	2	1645.604651	1560.639535
40	Житель дома решил написать мэру анонимное	письмо	171	1	10	письмо 138, послание 15, обращение 8, сообщение 4, пиьсмо 1, письмо, анонимку 1, признание 1, - 1, заявление 1, анонимное 1	80.701754	1.151304	304.3	2	1837.450292	1747.847953
41	По утрам почтальон неспешно разносит	почту	172	0	16	почту 84, газеты 32, письма 31, корреспонденцию 9, прессу 3, газету 3, кабину 1, объявления 1, журналы, газеты 1, бумаги 1, утреннюю корреспонденцию 1, конверты 1, открытки 1, магазин 1, вести 1, журналы 1	48.837209	2.260138	27.2	2	1992.377907	1762.924419
42	Крестьянин вчера усердно полол	грядки	172	0	29	грядки 67, огород 27, грядку 21, траву 11, картошку 7, морковь 7, поле 4, морковку 3, сорняки 3, капусту 3, лук 1, снопы 1, дрова 1, овес 1, сорняк 1, газон 1, клумбу 1, градки 1, пшеницу 1, сныть 1, брюкву 1, сорники 1, полынь 1, свой огород 1, рядиску 1, дно 1, кулбнику 1, растения 1, землю 1	38.953488	3.201439	8.1	2	2546.418605	2350.139535
43	В начале занятия ученик лениво открыл	тетрадь	172	0	21	тетрадь 51, учебник 39, книгу 30, дневник 12, дверь 11, портфель 4, книжку 4, рот 3, тетрадку 3, ранец 2, глаза 2, форточку 2, парту 1, рукопись 1, журнал 1, свою тетрадь 1, пенал 1, бутылку 1, тетрадку, книжку 1, букварь 1, учебники 1	29.651163	3.035485	23.5	2	1972.005814	1820.319767
44	На лугу пастушка неумело стригла	овец	170	2	24	овец 55, овцу 32, траву 29, газон 17, козу 6, овечку 4, травку 3, волосы 2, барашка 2, барана 2, цветы 2, коз 2, кусты 2, ногти 2, козочку 1, пастуха 1, конец 1, барашку 1, ягненка 1, мальчика 1, шерсть 1, обед 1, барашков 1, овечек 1	32.352941	3.111698	17.5	2	2504.217647	2303.947059
45	Воспитанница с гувернанткой учили наизусть	стихотворение	171	1	24	стихотворение 68, стихи 56, стих 8, поэму 6, стихотворения 5, Пушкина 4, французский 3, пьесу 2, стихотворние 2, стишок 2, язык 2, вдохновение 1, алфавит 1, немецкий; стихи 1, поэзию 1, стихотверения 1, - 1, танец 1, тексты 1, пушкина 1, песнь о горевати 1, стошок 1, математику 1, поэмы 1	39.766082	2.674966	48.7	6	1907.526316	1734.146199
46	Актриса мечтает похудеть и отказывается от	еды	171	1	45	еды 57, сладкого 33, мучного 8, пищи 8, жирного 5, ужина 5, хлеба 5, пирожных 4, пирожного 3, торта 3, сахара 2, тортиков 2, мороженого 2, пироженых 2, обеда 2, блинов 1, мучной пищи 1, сладостей 1, сталдкого 1, слодостей 1, завтрака 1, всего 1, десерта 1, жирной пищи 1, работы 1, роли 1, свинины 1, приема пищи 1, стадкого 1, жареного 1, сиропа 1, мяса 1, теста 1, плюшек 1, слодкого 1, шоколадок 1, - 1, сладкой пищи 1, котлет 1, мороженного 1, каши 1, булочек 1, соленого 1, жирной/жирного 1, булки 1	33.333333	3.854821	56.9	2	1655.216374	1300.070175
47	За старательную работу директор выплатил сотрудникам	премию	170	2	18	премию 129, премии 10, гонорар 5, зарплату 3, компенсацию 3, премиальные 3, пенсию 3, деньги 2, аванс 2, бонус 2, примии 1, денежное вознаграждение 1, вознаграждение 1, деньги/премию 1, ничего 1, награждение 1, прибавку 1, пряемию 1	75.882353	1.678233	56.2	3	2032.664706	1860.870588
48	Сосед любит зимой кататься на	лыжах	172	0	17	лыжах 82, коньках 46, санках 22, санях 4, велосипеде 4, сноуборде 2, роликах 2, карусели 1, аптеке 1, скутере 1, машине 1, качелях 1, снегоходе 1, ледянке 1, жене 1, катке 1, квадрацикле 1	47.674419	2.231436	18.3	2	1162.482558	1008.319767
49	Отдыхающие загорали и купались в	море	172	0	24	море 80, озере 28, реке 19, речке 10, пруду 9, бассейне 5, океане 3, парке 2, серебряном бору 1, сапогах 1, 0223 1, месте 1, санатории 1, Крыму 1, реке  1, ванной 1, Черном море 1, луже 1, Азовском, море 1, — 1, плавках 1, Турции 1, пансионате 1, пляже 1	46.511628	2.768219	159.5	2	1583.906977	1333.534884
50	Бабушка испекла вкусные пирожки с 	капустой	172	0	40	капустой 32, повидлом 24, мясом 22, вишней 11, яблоком 9, изюмом 8, яблоками 8, малиной 7, картошкой 7, вареньем 6, творогом 4, грибами 4, павидлом 2, джемом 2, грушей 1, ягодами 1, маслом 1, таворогом 1, яйцом 1, повидлой 1, свеклой 1, медом 1, лимоном 1, яйцом, и, луком 1, земляникой 1, ватрушкой 1, черникой 1, маком 1, тыквой 1, сыром, капустой 1, морковкой 1, малиновым вареньем 1, клубникой 1, голубикой 1, монетками 1, рисом 1, курицей 1, морошкой 1, луком 1, корицей 1	18.604651	4.184739	21.7	3	1330.633721	1188.453488
51	Играя в футбол, мальчик упал и сломал	ногу	172	0	17	ногу 96, руку 46, нос 5, палец 4, шею 3, ключицу 3, пальчик 3, колено 2, лодыжку 2, игрушку 1, запястье 1, ребро 1, желудок 1, позвоночник 1, челюсть 1, руки 1, себе руку 1	55.813953	2.053506	459.2	2	2051.488372	1947.040698
52	Спортсмен получил травму и не принял участие в	соревнованиях	171	1	31	соревнованиях 108, соревновании 13, олимпиаде 12, забеге 5, состязании 3, матче 3, состязаниях 2, беге 2, игре 1, экспедиции 1, турнире 1, соревнавании 1, соревнование 1, Олимпийских играх 1, отпуске 1, играх 1, спорте 1, сорвенованиях 1, спортакиаде 1, финале 1, афтепати 1, награждении 1, в следующем туре 1, совревнованиях 1, марафоне 1, гонке 1, сроревнованиях 1, дальнейших соревнованиях 1, чемпионате 1, банкете 1, шпионаже 1	63.157895	2.471814	32.7	6	975.964912	787.327485
53	Класс отправился с экскурсией в	музей	172	0	60	музей 70, поход 11, зоопарк 8, Москву 6, лес 6, горы 5, город 4, кино 3, театр 3, планетарий 2, другой город 2, Суздаль 2, Париж 2, Кремль 2, Польшу 1, галерею 1, Эстонию 1, море 1, ленинград 1, иностранные государства 1, петергоф 1, пушкин 1, деревню 1, Монино 1, пещеру 1, санаторий 1, Минск 1, ресторан 1, сад 1, Ростов-на-Дону 1, Японию 1, Каргополь 1, школу 1, Кисловодск 1, м/другой город 1, Англию 1, Тарханы 1, университет 1, карелию 1, Казань 1, петербург 1, Санкт-петербург 1, кремль 1, пригород 1, Тибет 1, Питер 1, путешествие 1, Константинополь 1, магадан 1, Крым 1, Нижний новгород 1, замок 1, шоколадную фабрику 1, москву 1, Палеонтологический музей 1, новгород 1, дом отдыха 1, америку 1, Карелию 1, парк культуры 1	40.697674	4.163227	87.0	2	2032.465116	1717.598837
54	Открывая дверь, секретарша случайно уронила	ручку	170	2	44	ручку 22, ключи 18, вазу 14, папку 13, поднос 12, бумаги 9, кофе 8, ключ 7, стакан 7, чашку 7, стул 6, документы 3, цветок 3, пресс-папье 3, папки 3, чай 2, документ 2, чайник 2, кружку 2, карандаш 2, чернильницу 2, блокнот 1, почту 1, брошюру 1, калькулятор 1, микрофон 1, кольцо 1, презервативы 1, посуду 1, - 1, чашку с кофе 1, тетрадь 1, картину 1, телефон 1, ложку 1, принтер 1, деньги 1, журнал 1, _ (ответ потерян) 1, компьютер 1, лажа??? 1, степлер 1, дверь 1, шкаф 1	12.941176	4.611700	57.6	2	2543.123529	2349.135294
55	В доме узбечка монотонно ткала	ковер	172	0	29	ковер 102, полотно 10, пряжу 9, ткань 8, скатерть 4, платье 3, холст 3, платок 3, одежду 3, ковры 3, плед 2, шаль 2, шарф 2, - 2, холсты 2, дорожку 1, коврик 1, паранжу 1, рубашку 1, половик 1, халат 1, полотенце 1, рушник 1, палас 1, одеяло 1, на станке 1, шерсть 1, палантин 1, вещи 1	59.302326	2.727948	29.5	2	2638.034884	2401.406977
56	Дворник выбросил обёртку в	урну	171	1	23	урну 65, мусорку 26, мусорное ведро 13, мусор 12, мусорный бак 8, корзину 6, помойку 6, мусорный ящик 6, ведро 5, бак 4, ящик 3, окно 3, унитаз 2, мусорницу 2, мусорник 2, мешок 1, мусоропровод 1, корзину мусорную 1, мусорный 1, муорную яму 1, полке 1, контейнер 1, мусорную корзину 1	38.011696	3.263236	7.8	2	1677.491228	1518.461988
57	Девушка вплела в волосы	ленту	168	4	29	ленту 69, цветок 20, цветы 17, ленты 8, бант 6, ленточку 5, венок 5, заколку 5, косу 4, розу 3, ромашку 3, бантики 2, резинку 2, бусы 2, ленточки 2, косичку 2, бантик 1, бант(ик) 1, фен 1, косу, ой, не косу, а ленту 1, нитки 1, пыль 1, пряди 1, солому 1, тесьму 1, змею 1, чудой локон 1, банты, бантики 1, 1483 1	41.071429	3.349091	35.9	2	2248.458333	2092.220238
58	Соседка одолжила у меня	деньги	170	2	45	деньги 50, соль 42, денег 20, сахар 6, сто рублей 4, соли 3, телефон 2, - 2, три рубля 2, кастрюлю 2, ключи 2, фен 2, платье 1, яйцо 1, фломастер 1, картошку 1, чай 1, блокнот 1, _ 1, сто грамм спирта 1, рубль 1, пистолет 1, нож 1, муки 1, велосипед 1, пенал 1, дуршлак 1, ножницы 1, электрочайник 1, фен  1, марки 1, кофточку 1, десять рублей 1, градусник 1, кружку 1, часы 1, спички 1, шприц 1, деьги 1, муку 1, карандаш 1, биту 1, сигареты 1, стул 1, зубную пасту 1	29.411765	3.671901	512.4	2	2124.247059	1894.205882
59	Посетитель вошёл и робко сел на	стул	172	0	17	стул 115, диван 19, скамейку 9, кресло 8, кушетку 3, краешек стула 3, табурет 3, стол 2, банкетку 2, - 1, скамью 1, краешек 1, подоконник 1, лавочку 1, колени 1, стульчик 1, лестнице 1	66.860465	1.968498	87.6	1	1407.058140	1321.744186
60	Учитель искренне похвалил	ученика	171	1	30	ученика 103, учеников 14, ученицу 9, студента 6, меня 6, работу 4, - 3, Васю 2, _ 2, мальчика 2, себя 1, учащихся 1, подчиненную 1, студентку 1, жену 1, другого 1, Валеру 1, маму 1, своего ассистента 1, школьника 1, учащегося 1, школьницу 1, маму ученика 1, детей 1, девочку 1, своего ученика 1, хулигана 1, воспитанника 1, директора 1, за хорошую работу 1	60.233918	2.620681	80.4	4	2055.783626	1884.169591
61	После обеда Ваня допил вишнёвый	сок	172	0	11	сок 101, компот 50, морс 6, сироп 5, сидр 3, коктейль 2, крюшон 1, кисель 1, чай 1, чай, сок 1, напиток 1	58.720930	1.678902	35.8	1	1771.761628	1671.058140
62	Тётушка распускала старомодную	кофту	169	3	39	кофту 63, шаль 22, прическу 13, косу 11, юбку 6, шутку 4, сплетню 4, пряжу 3, - 3, одежду 3, кофточку 2, жилетку 2, вещь 2, шляпу 2, вышивку 2, шапку 2, болтовню 2, байку 2, платье 1, безрукавку 1, сумочку 1, вязаную кофту 1, штору 1, песню 1, шевелюру 1, тюль 1, скатерть 1, газету 1, плесень 1, вязаную вещь 1, крфту 1, вязь 1, герань 1, сумку 1, вещи 1, выдумку 1, лампу 1, речь 1, пенту 1	37.278107	3.716796	7.7	2	3084.278107	2890.863905
63	Продавец доверху наполнил пластиковый	пакет	171	1	16	пакет 75, стакан 61, контейнер 9, стаканчик 8, мешок 4, кувшин 2, поднос 2, сосуд 2, ящик 1, нет ответа 1, горшок 1, кулек 1, паекет 1, графин 1, флакон 1, башмак 1	43.859649	2.181211	65.8	2	2199.222222	2047.122807
64	После еды сержант облизал походную	ложку	172	0	19	ложку 120, миску 15, тарелку 10, кружку 4, вилку 4, чашку 3, кастрюлю 3, форму 2, руку 1, флягу 1, посуду 1, рубашку 1, женщину 1, нет ответа 1, кухню 1, плошку 1, палатку 1, трубку 1, кровать 1	69.767442	1.913711	40.5	2	2341.075581	2171.255814
65	Перед выходом девочка надела шерстяные	носки	172	0	15	носки 110, варежки 23, колготки 11, чулки 6, гольфы 5, носочки 4, перчатки 4, рейтузы 2, руковички 1, шарф 1, трусы 1, Носки 1, тапочки 1, гольфики 1, пальто 1	63.953488	2.000889	25.2	2	2059.226744	1936.627907
66	Бабушка замёрзла и закуталась в тёплый	плед	172	0	16	плед 78, платок 53, шарф 23, свитер 3, кафтан 2, пиджак 2, тулуп 2, шаль 1, кошелек 1, халат 1, пододеяльник 1, кардиган 1, спальник 1, саван 1, мех 1, пуховик 1	45.348837	2.143486	4.8	1	1804.162791	1540.273256
67	Сестра купила в посудном магазине фарфоровую	чашку	172	0	21	чашку 84, вазу 27, статуэтку 13, тарелку 12, куклу 8, посуду 5, кружку 5, чашу 4, миску 2, лампу; чашку 1, утварь 1, салатницу 1, конфетницу 1, шляпу 1, кастрюлю 1, статую 1, люстру 1, статуетку  1, игрушку 1, чашечку 1, супницу 1	48.837209	2.695560	33.3	2	2170.523256	2004.395349
68	Бывшие коллеги вспоминают друг друга с горькой	усмешкой	166	6	26	усмешкой 30, улыбкой 23, иронией 22, обидой 20, досадой 12, тоской 10, радостью 7, грустью 6, ухмылкой 5, ностальгией 5, правдой 4, ненавистью 4, печалью 4, слезой 2, совестью 1, час 1, сожалением/правдой 1, ноткой 1, теплотой 1, завистью 1, участью 1, успешкой 1, усталостью 1, болью 1, слезинкой 1, неохотой 1	18.072289	3.782184	13.2	3	3193.102410	3031.475904
69	Маша связала свитер из тёплой	шерсти	172	0	9	шерсти 144, пряжи 19, ткани 3, ткани, шерсти, шерсти 1, - 1, шерсть альпаки как называется?  1, шерссти 1, пряди 1, козы 1	83.720930	0.926644	16.9	2	1975.540698	1862.854651
70	В пути пассажир читал увлекательную	книгу	170	2	17	книгу 105, историю 15, газету 14, книжку 10, повесть 7, статью 3, литературу 3, пьесу 3, поэму 2, книгу  1, - 1, брошюрку 1, сказку 1, заметку 1, брошюру 1, — 1, карикатуру 1	61.764706	2.197405	413.9	2	1958.017647	1859.041176
71	Графиня прятала записку в деревянном	ящике	172	0	27	ящике 50, сундуке 32, шкафу 27, сундучке 16, ящичке 8, ларце 6, комоде 6, столе 4, шкафчике 3, секретере 2, сейфе 2, саквояже 1, брелке 1, поддоне 1, сарае 1, ларчике 1, - 1, башмаке 1, коробке 1, коможе 1, шкатуле; дупле 1, саркофаге 1, доме 1, шкафчике, сундуке 1, дупле 1, чехле 1, пенале 1	29.069767	3.319583	75.4	3	2606.459302	2331.186047
72	Первоклассник украшал ёлку яркими	игрушками	172	0	22	игрушками 65, шарами 44, гирляндами 20, шариками 15, огнями 4, фонариками 4, бусами 3, игрушкаи 2, красками 2, огоньками 1, словами 1, камнями 1, лентами 1, картинками 1, лампочками 1, бантами 1, флажками 1, конфети 1, звездами 1, звездочками 1, снежинками 1, цветами 1	37.790698	2.766580	30.9	4	1959.988372	1825.087209
73	Музыкант играл на старинной	скрипке	172	0	24	скрипке 65, флейте 26, гитаре 25, арфе 12, виолончели 10, трубе 7, балалайке 4, дудочке 3, гармошке 3, - 2, лютне 2, домре 1, валторне 1, скрипкой 1, цитэ 1, дуде 1, инструменте 1, гармонике 1, дудке 1, — 1, ложке 1, рояль 1, срипке 1, шарманке 1	37.790698	3.082301	18.4	2	2305.581395	2216.325581
74	В сентябре директор школы взял на работу нового 	учителя	172	0	27	учителя 63, сотрудника 35, преподавателя 31, педагога 14, уборщика 3, стажера 2, ученика 2, секретаря 2, завуча 2, перподавателя 1, дворника 1, заместителя 1, бегемота 1, бухгалтера 1, историка 1, ассистента 1, сторожа 1, химика 1, учителя  1, друга 1, тренера 1, трудовика 1, физрука 1, сотрудницу 1, программиста 1, специалиста 1, преподаателя 1	36.627907	2.916198	113.8	4	1685.529070	1508.261628
75	Школьники боялись заблудиться в незнакомом	лесу	172	0	12	лесу 71, месте 57, городе 30, парке 3, районе 3, здании 2, замке 1, - 1, доме 1, местности 1, селе? 1, лабиринте 1	41.279070	2.031943	211.5	2	1925.813953	1717.808140
76	Ровно в девять вечера бабушка ложится в тёплую	постель	171	1	6	постель 97, кровать 60, ванну 7, кроватку 4, постельку 2, ванную 1	56.725146	1.428049	63.4	2	1677.590643	1551.198830
77	Зрители отзывались о пьесе с искренним	восторгом	169	3	28	восторгом 62, восхищением 37, удивлением 16, удовольствием 13, уважением 5, сожалением 4, сочувствием 3, недовольством 3, недоумением 3, чувством 2, интересом 2, удовлетворением 2, изумлением 2, откровением 1, радушием 1, осхищением 1, наслаждением 1, волнением 1, удовольствтем 1, разочарованием 1, впечатлением  1, мнением 1, раздражением 1, отвращением 1, неудовольствием 1, отзывом 1, возбуждением 1, пожеланием 1	36.686391	3.164844	56.2	3	2466.378698	2257.568047
78	Мама увлечённо выращивала комнатные	растения	172	0	8	растения 88, цветы 75, растение 3, фиалки 2, цветы, растения 1, цветочки 1, комнатные растения 1, помидоры 1	51.162791	1.366112	94.4	4	1705.662791	1483.319767
79	За чаем друг рассказывал смешные	истории	171	1	7	истории 123, анекдоты 42, рассказы 2, байки 1, сказки 1, случаи 1, анектоды 1	71.929825	1.087989	443.9	4	1589.929825	1437.690058
80	Девочка гладила пушистую	кошку	172	0	29	кошку 127, собаку 7, кошечку 4, кофту 4, юбку 3, кофточку 3, белку 2, лошадь 1, кошнечку 1, шкуру 1, жаржетку 1, юбочку 1, лисичку 1, варежку 1, рубашку 1, куклу 1, игрушку 1, шерсть кота 1, - 1, киску 1, козу 1, белочку 1, шер/шапку 1, мышку 1, подушку 1, жилетку 1, гладила 1, голову 1, собачку 1	73.837209	1.991822	50.4	2	2138.668605	2001.715116
81	В командировки военный брал с собой	чемодан	168	4	72	чемодан 27, жену 18, пистолет 10, фотографию 6, документы 6, рюкзак 6, портфель 5, бритву 5, нож 4, автомат 4, планшет 3, оружие 3, сына 3, телефон 2, флягу 2, пулемет 2, книгу 2, книги 2, кипятильник 2, вещи 2, вещмешок 2, письмо 2, карту 1, бритвенный прибор 1, электрическую бритву 1, компот 1, книжку 1, ноутбук 1, бинокль 1, друзей 1, документ 1, мишку 1, разговорник 1, папку 1, сухари 1, чемоданчик 1, водку 1, кружку 1, запасные брюки 1, несессер 1, обед 1, кошелек 1, билет 1, кофе 1, фотографию жены 1, собаку 1, фотоаппарат 1, бутерброд 1, ложку 1, фотографии 1, полотенце 1, револьвер 1, дневник 1, паспорт 1, письма 1, саквояж 1, фен 1, билеты 1, бутылку водки 1, шинель 1, самое необходимое 1, наган 1, сигарету 1, вино 1, бумажник 1, талисман 1, сумку 1, паланшет 1, еду 1, штаны 1, семью 1, шубу 1	16.071429	5.281168	42.8	3	2756.625000	2689.244048
82	По заданию педагога студент чертит	чертеж	171	1	40	чертеж 67, круг 15, схему 11, окружность 7, квадрат 6, проект 6, эскиз 6, график 5, треугольник 5, деталь 4, чертежи 3, дом 3, план 3, макет 2, диаграмму 2, линию 2, прямоугольник 1, инж. Граф 1, круги 1, карту 1, лестницу 1, графмк 1, диплом 1, чертенка 1, модель 1, линии 1, таблицу 1, интеграмму 1, фигуры 1, на доске 1, планометрическую проекцию 1, план района 1, проекции 1, плакат 1, на бумаге 1, колесо 1, лампу 1, параллелепипед 1, картинку 1, ерунду 1	39.181287	3.787737	17.0	2	3040.116959	2921.602339
83	Перед праздником секретарша украсила	кабинет	171	1	25	кабинет 59, офис 33, стол 21, елку 18, комнату 9, зал 5, приемную 4, дверь 4, окна 2, себя 1, помещение цветами 1, начальника 1, стены 1, сад 1, окно 1, стену 1, салон 1, помещение 1, свой стол 1, - 1, свою голову 1, гирляндами 1, замок 1, рабочее место 1, свой дом 1	34.502924	3.096348	148.5	3	2612.695906	2413.929825
84	Кладовщик убрал ключи в	магазине	165	7	90	магазине 12, квартире 5, комнате 5, сейфе 5, подсобке 5, кладовку 5, - 4, подвал 4, доме 4, понедельник 4, офис 4, сарае 3, кармане 3, каморке 3, школе 3, пятницу 3, сторожке 3, кладовке 3, каптерке 2, помещении 2, шкафу 2, карман 2, подсобку 2, гараже 2, комнату 2, гараж 2, склад 2, кладовую 2, — 2, столе 2, ключнице 2, мастерской 2, сарай 2, поле 1, машине 1, комнаты 1, сто пятой комнате 1, воскресенье 1, коморке 1, подъезде 1, каптерку 1, клад 1, учительскую 1, подъезд 1, полночь 1, организации 1, гардеробе 1, бардачке 1, рабочее время 1, я не понимаю, что это 1, конторе 1, дом 1, кабинете 1, канцелярии 1, канун 1, стол 1, офис(е) 1, гостиной 1, шкатулке 1, сумке 1, столовой 1, подвале 1, зал 1, баню 1, амбар 1, конверте 1, пути 1, коридоре 1, банки 1, ночи 1, раздевалке 1, приемной 1, бане 1, музее 1, банке 1, магазин 1, NR 1, каморку 1, фирме 1, соседней… кладовой 1, бухгалтерии 1, тюрьме 1, серверную 1, офисе 1, шкафчике 1, ключница 1, холле 1, парикмахерскую 1, сторожевой 1, от кладовки 1	7.272727	6.127825	147.2	4	3816.048485	3675.927273
85	Во дворе мальчишки весело играют в	футбол	171	1	29	футбол 66, прятки 26, мяч 18, волейбол 7, лапту 7, догонялки 6, хоккей 5, снежки 5, классики 5, салки 3, шахматы 3, бадминтон 2, игру 2, покер 1, веселые игры 1, баскетбол 1, войну 1, игры 1, грязи 1, пол 1, домино 1, города 1, салочки 1, гонялки 1, скакалку 1, волейболл 1, футбол" 1, гольшу 1, бильярд 1	38.596491	3.328077	27.4	2	1180.456140	1078.754386
86	Неловкий официант споткнулся и пролил чай на	посетителя	171	1	40	посетителя 30, скатерть 24, пол 19, клиента 17, стол 15, брюки 10, ковер 6, себя 5, гостя 5, посетителей 3, колени 3, костюм 2, рубашку 2, женщину 2, гостей 2, штаны 2, платье 1, голову 1, мои колени 1, постетителя 1, салфитку 1, мужчину 1, юбку 1, пиджак 1, вино 1, голову человека 1, постеителя 1, нас 1, одежду 1, свою рубашку 1, паркет 1, девушку 1, голову соседу 1, платье дамы 1, посетительницу 1, ноги 1, пальто 1, стул 1, борщ 1, полу 1	17.543860	4.157591	36.2	5	1607.654971	1512.725146
87	Троечник неожиданно удачно написал контрольную работу по	математике	171	1	19	математике 112, физике 11, алгебре 8, русскому 7, химии 6, геометрии 6, географии 4, русскому языку 3, биологии 2, литературе 2, истории 2, естествознанию 1, информатике 1, четыре 1, электродинамике 1, астрономии 1, арифметике 1, английскому 1, NR 1	65.497076	2.190347	28.0	5	1430.093567	1274.210526
88	Бухгалтер нещадно критикует себя за	ошибку	171	1	60	ошибку 46, ошибки 23, оплошность 9, невнимательность 6, работу 5, лень 5, отчет 5, медлительность 5, промахи 4, недосдачу 3, просчет 2, халатность 2, провал 2, все 2, - 2, тупость 2, недочеты 2, неточности 2, обман 2, растрату 2, воровство 1, работой 1, невыполнение 1, проказы 1, неудачу 1, неаккуратность 1, опечатки 1, недобросовестность 1, нерешительность 1, непослушание 1, неторопливость 1, мысли 1, недосчет 1, забывчивость 1, недостачу 1, промах 1, мягкотелость 1, косяки 1, характер 1, поведение 1, неправильное выполнение работы 1, что-то 1, расторопность 1, неправильные расчеты 1, плохое 1, огрехи 1, невежество 1, несерьезность 1, безответственность 1, неточность 1, дибилизм 1, глупость 1, годовой отчет 1, расчет 1, несданный баланс 1, нерасторопность 1, опоздание 1, спешку 1, несправедливость 1, нет ответа 1	26.900585	4.602892	104.4	3	2255.409357	2123.175439
89	Консьержка раз в месяц мыла	полы	170	2	28	полы 43, пол 41, окна 39, подъезд 13, лестницу 4, посуду 4, парадную 2, дверь 2, раму 2, окно 2, стойку 1, полы в подъезде 1, ступеньки 1, лестничный пролет 1, двери 1, зеркало 1, - 1, руки 1, лифт 1, полы в коридоре 1, лестницы 1, вазу 1, площадку 1, мужа-инвалида 1, тамбур 1, лестничную клетку 1, голову 1, ноги 1	25.294118	3.108065	181.9	2	2138.711765	2020.588235
90	Семейная пара мечтала следующим летом отдохнуть в	Крыму	172	0	65	Крыму 22, Турции 18, горах 12, Сочи 10, Испании 9, санатории 8, Египте 7, крыму 4, Италии 4, Ялте 4, италии 4, Греции 3, сочи 3, деревне 3, пансионате 3, Китае 2, Франции 2, болгарии 2, Европе 2,  турции 2, городе 2, Грузии 2, Тайланде 2, Геленджике 1, Бали 1, на курорте 1, Гаграх 1, новосибирске 1, Тебете 1, море 1, праге 1, Норвегии 1, круизе 1, греции 1, Болгарии 1, коттедже 1, голландии 1, Азии 1, космосе 1, саду 1, Японии 1, одессе 1, америке 1, англии 1, Англии 1, Лондоне 1, Канарах 1, теплых краях 1, исландии 1, Пицунде 1, египте  1, нью-йорке 1, другой стране 1, лесу 1, Волгограде 1, Новой Зеландии 1, Африке 1, Карелию 1, Таиланде 1, Краснодаре 1, Анапе 1, парижа 1, подмосковье 1, одиночестве 1, москве 1	12.790698	5.166931	NA	2	2239.546512	2073.668605
91	В зоопарке дети впервые увидели	слона	171	1	41	слона 62, жирафа 26, зебру 11, льва 10, бегемота 6, тигра 6, крокодила 5, медведя 5, обезьяну 4, верблюда 2, слонов 2, фламинго 2, носорога 2, леопарда 1, гиппопотама 1, бородавочника 1, лошадь 1, свиней 1, пингвина 1, кенгуру 1, слон 1, енота 1, мамонта 1, кошку 1, стрекозу 1, игуану 1, мангуста 1, животное 1, учительницу такую 1, Ельцина 1, ламу 1, лося 1, шимпанзе 1, - 1, панду 1, взрослых 1, змею 1, гуся 1, зверей 1, рысь 1, орангутанга 1	36.257310	3.716780	23.8	2	1937.116959	1774.415205
92	На рынке фермер недорого продавал 	овощи	171	1	59	овощи 25, молоко 17, мясо 14, картошку 12, капусту 11, огурцы 9, помидоры 7, яблоки 7, фрукты 6, рыбу 4, корову 3, картофель 3, зелень 2, арбузы 2, клубнику 2, морковку 2, дыни 2, колбасу 2, дыню 1, кур 1, масло 1, сыр 1, репу 1, яйца 1, крольчатину 1, телятину 1, мед 1, мяту 1, капустку 1, - 1, козу 1, — 1, тыквы 1, эскимо 1, свинину 1, шерсть 1, тыкву 1, морковь 1, поросят 1, апельсины 1, творог 1, ягоды 1, курицу 1, овес 1, мандарины 1, бананы 1, пряники 1, свою мясную продукцию 1, удочки 1, мясо кур 1, укроп 1, мебель 1, редьку 1, чеснок 1, продукцию 1, теленка 1, кабачки 1, яиц 1, булки 1	14.619883	4.886792	1.6	3	2153.210526	1975.461988
93	Посетители радостно фотографировались на фоне	памятника	169	3	79	памятника 14, фонтана 11, картины 10, природы 10, пейзажа 6, башни 5, моря 5, елки 5, слона 4, замка 4, достопримечательностей 4, статуи 3, дома 3, музея 3, озера 3, леса 3, деревьев 2, дерева 2, эйфелевой башни 2, выставки 2, неба 2, церкви 2, заката 2, водопада 2, сосны 2, реки 2, здания 2, кремля 2, гор 2, чистого неба 1, зимнего пейзажа 1, чучела 1, библиотеки 1, крокодила 1, огромной горы 1, собора 1, борща 1, аптеки 1, скамьи 1, Кремля 1, стола 1, зоопарка 1, развалин 1, пальмы 1, дерево 1, облаков 1, звезды 1, мэра 1, Красной Площади 1, сада 1, айзберга 1, лесного массива 1, экспоната 1, генерала 1, стены 1, достопримечательности 1, асфальта 1, пейзаж 1, Эйфелевой башни 1, берез 1, обезьянки 1, дворца 1, ели 1, пожара 1, вольера 1, куста 1, местных достопримечательностей 1, фонана 1, лужайке 1, университета 1, картин 1, небо 1, китайцев 1, карет 1, горы 1, лебедя 1, меня 1, Домского собора 1, океана 1	8.284024	5.732782	63.8	4	2738.011834	2499.692308
94	Депутат обвинил мэра в	коррупции	170	2	58	коррупции 51, воровстве 8, лжи 8, халатности 7, взятке 7, взяточничестве 6, растрате 6, мошенничестве 5, краже 5, взяточнистве 4, измене 4, подлоге 4, взятках 3, некомпетентности 3, преступлении 2, бездействии 2, нечестности 2, предвзятости 2, растратах 2, кокетничестве 1, приписках 1, хищении 1, мошинничестве 1, махинации 1, растрате(?) 1, взятчестве 1, нечистоплотности 1, глупости 1, недопустимости 1, взятничестве 1, мздоимстве 1, недобропорядочности 1, - 1, клевете 1, расточительстве 1, проступке 1, жестокости 1, подлоге документов 1, грязных делах 1, ошибке 1, некорректности 1, нарушениях 1, недостаточном усердии 1, надувательстве 1, изнасиловании 1, похищении денег 1, хищениях 1, некомпетенции 1, лишних средсв 1, предательстве 1, недопустимом отношении к чему-то 1, махинациях 1, взяточниство 1, жульничестве 1, равнодушии 1, стяжательстве 1, тунеядстве 1, превышении полномочий 1	30.000000	4.619125	23.0	4	2228.388235	2142.000000
95	Выходя из дома, я забыла взять 	ключи	169	3	30	ключи 48, зонт 26, зонтик 20, сумку 14, телефон 12, деньги 7, кошелек 6, паспорт 4, портфель 3, проездной 3, шарф 3, очки 2, ключ 2, шапку 2, голову 2, сумочку 1, варежки 1, документы 1, пропуск 1, часы 1, перчатки 1, шубу 1, кашне 1, носки 1, помаду 1, проездной билет 1, ноутбук 1, пуанты 1, бумажник 1, платок 1	28.402367	3.622911	78.0	2	1922.627219	1784.130178
96	Директор ещё не вернулся из	командировки	172	0	18	командировки 84, отпуска 67, школы 6, класса 1, бани 1, РОНО (мб по-другому пишется) 1, - 1, санатория 1, ГорОНО 1, РайОНО 1, боя 1, поездки 1, декрета 1, деревни 1, администрации 1, дома 1, РОНО 1, комнадировки 1	48.837209	1.851309	27.2	5	1537.011628	1344.825581
97	В этом кафе студент всегда заказывал	кофе	172	0	47	кофе 42, пиццу 33, обед 12, чай 11, суп 6, мороженое 4, борщ 4, завтрак 4, яичницу 3, торт 3, салат 3, пиво 3, суши 3, пунш 2, бутерброд 2, латте 2, одно и то же 2, ланч 2, пирожное 2, еду 2, гамбургер 1, компот 1, рыбу 1, пончики 1, винегрет 1, сырники 1, блинчики 1, бизнес-ланч 1, коньяк 1, капучино 1, брокколи 1, выпивку 1, стол 1, бульон 1, пиццу  1, мохито 1, поесть 1, пончик 1, первое 1, сосиски 1, круассаны 1, харчо 1, пироженое 1, пирожные 1, чебуреки 1, мороженное 1, яишницу 1	24.418605	4.221033	61.6	2	2292.180233	2165.209302
98	Графиня хранила драгоценности в 	шкатулке	168	4	30	шкатулке 95, сейфе 14, шкафу 12, сундуке 7, ларце 6, комоде 5, ящике 3, секретере 2, сундучке 2, чемодане 2, подушке 1, тумбочке 1, чулках 1, серванте 1, ушах 1, кубышке 1, комнате 1, вазе 1, бюро 1, сундучок 1, банке 1, ночном горшке 1, потайном шкафу 1, шатулке 1, — 1, сундучке, маленьком сундучке 1, кошельке 1, с(ейфе) 1, кувшине 1, шкатудке 1	56.547619	2.761457	5.3	3	1459.565476	1213.434524
99	На праздник мама подарила сыну	велосипед	171	1	74	велосипед 23, машину 16, телефон 13, подарок 13, машинку 9, компьютер 8, игрушку 5, книгу 4, автомобиль 4, свитер 3, костюм 2, портфель 2, - 2, рюкзак 2, конструктор 2, гитару 2, самокат 2, самолет 2, вертолет 2, обувь 1, робота 1, дерево 1, коньки 1, компот 1, платок 1, самолетик 1, мяч 1, кошелек 1, плеер 1, колье 1, мотоцикл 1, тетрадь 1, — 1, ящик 1, трактор 1, шар 1, сумку 1, цветы 1, пальто 1, ноутбук 1, медвежонка 1, фотоаппарат 1, айфон 1, пакет 1, валенки 1, торт 1, футбольный мяч 1, ручку 1, машин(к)у 1, паровоз 1, новую рубашку 1, магнитофон 1, отвертку 1, компьютере 1, трансформера 1, каякерское весло 1, шпагу 1, принтер 1, шоколадку 1, кружку 1, кофту 1, часы 1, деньги 1, очки 1, автомат 1, игрушки 1, конфету 1, вертолетик 1, собаку 1, лошадку 1, брюки 1, альбом 1, рогатку 1, шкаф 1	13.450292	5.270793	23.1	4	2333.333333	2193.415205
100	Художник изобразил на картине	пейзаж	170	2	76	пейзаж 26, море 16, природу 10, дерево 7, девушку 7, лес 7, натюрморт 6, лошадь 4, закат 4, себя 4, женщину 3, солнце 3, пятно 2, цветы 2, - 2, собаку 2, квадрат 2, лето 2, апельсин 2, медведя 2, гору 2, весну 1, лед 1, кошечку 1, скамью 1, корабль 1, баню 1, пейзажи 1, балерину 1, улицу 1, озеро 1, трех богатырей 1, человека 1, жирафа 1, нож 1, баталию 1, портрет 1, Мадонну 1, полоску 1, кота 1, ливень 1, пса 1, львов 1, замок 1, пейзажа 1, лук 1, маслом 1, крота 1, живопись 1, елку 1, девочку 1, полумесяц 1, осень 1, поэта 1, енота 1, дом 1, Машу 1, окно 1, восход 1, женщин 1, жену 1, рисунок 1, сестру 1, пингвина 1, облик Мадонны 1, девятый вал 1, зверя 1, речку 1, вазу 1, лес  1, стадо 1, Моне 1, небо 1, реку 1, натурщицу 1, нечто 1	15.294118	5.377598	24.3	2	2823.441176	2666.476471
101	Мы вернулись в кафе и забрали забытый	кошелек	170	2	33	кошелек 28, телефон 26, портфель 23, чемодан 16, зонт 15, зонтик 12, рюкзак 8, чай 3, шарф 3, счет 3, пакет 3, предмет 2, багаж 2, компьютер 2, сверток 2, завтрак 2, пенал 2, ноутбук 2, плащ 2, мешок 1, ужин 1, пиджак 1, портсигар 1, паспорт 1, кейс 1, цветок 1, чайник 1, девайс 1, билет 1, кофе 1, фотоаппарат 1, стул 1, планшет 1	16.470588	3.965263	11.4	3	2403.717647	2211.505882
102	Наместник императора прославился своей	жестокостью	168	4	65	жестокостью 51, добротой 11, храбростью 7, - 5, хитростью 5, эрудицией 5, жадностью 4, смелостью 4, мудростью 4, работой 3, красотой 3, щедростью 3, гордостью 3, находчивостью 2, победой 2, честностью 2, алчностью 2, преданностью 2, глупостью 2, злостью 2, привлекательностью 2, доблестью 1, смекалкой 1, грамотностью 1, убедительностью 1, безграмотносью 1, политикой 1, сдержанностью 1, искренностью 1, подготовкой 1, твердолобостью 1, нет ответа 1, черствостью 1, сторогстью 1, превосходность/непревзойденностью 1, проницательностью 1, гостеприимностью 1, добродушностью 1, заботой 1, дерзостью 1, тупостью 1, повюедой 1, веселостью 1, арфой 1, решительностью 1, наглостью 1, игрой 1, отвагой 1, справедливостью 1, славой 1, учтивостью 1, пунктуальностью 1, прямотой 1, разорительностью 1, силой 1, изысканностью 1, внешностью 1, сообразительностью 1, работоспособностью 1, женой 1, предосудительностью 1, неуживчивостью 1, вспыльчивостью 1, инициативой 1, откровенностью 1	30.357143	4.768226	15.8	4	2546.607143	2327.232143
103	Туристы восхищались живописной	природой	170	2	26	природой 67, картиной 48, местностью 21, панорамой 5, долиной 4, рекой 4, площадью 2, картине 1, травой 1, галереей 1, амбразурой 1, доминой 1, церковью 1, окрестностью 1, -гор 1, статуей 1, обстановкой 1, скалой 1, бухтой 1, окрестностями 1, картитной 1, равниной 1, группой 1, фауной 1, улицой 1, архитектурой 1	39.411765	2.724953	169.9	3	2583.276471	2366.105882
104	Девушка надела бордовые	туфли	172	0	37	туфли 27, сапоги 21, босоножки 15, брюки 15, штаны 14, колготки 13, джинсы 8, перчатки 6, чулки 6, леггинсы 5, лосины 5, кроссовки 4, сапожки 3, носки 3, ботинки 3, гольфы 2, трусы 2, кольца 1, платье 1, босонжки 1, балетки 1, варежки 1, рукавички 1, шорты 1, ботфорты 1, лабутены 1, шлепанцы 1, сережки 1, башмаки 1, - 1, гетры 1, трусишки 1, штиблеты 1, стринги 1, лодочки 1, пальто 1, галоши 1	15.697674	4.264988	23.2	2	2495.418605	2333.523256
105	Дошкольник взял фломастер и нарисовал оранжевый	круг	172	0	43	круг 64, шар 21, апельсин 19, цветок 14, шарик 5, букет 4, предмет 3, дом 3, мяч 2, квадрат 2, верблюд 2, вертолет 2, дуб 1, пезаж 1, стол 1, паровоз 1, портфель 1, закат 1, расвет 1, пейзаж 1, лист 1, - 1, _ 1, песок 1, слон 1, галстук 1, взрыв 1, поезд 1, шарф 1, домик 1, самокат 1, автобус 1, мир 1, листок 1, портрет 1, цветочек 1, берег 1, велосипед 1, треугольник 1, жилет 1, арбуз 1, сарай 1, номер 1	37.209302	3.662476	157.4	1	2600.110465	2408.110465
106	Сестра волновалась перед важным	экзаменом	171	1	26	экзаменом 63, событием 47, собеседованием 11, свиданием 9, совещанием 7, собранием 5, делом 3, мероприятием 3, выступлением 3, занятием 2, зачетом 2, днем 2, визитом 1, собитием 1, экзамном 1, шагом 1, экзамен 1, выходом 1, мероприятии 1, концертом 1, клиентом 1, докладом 1, интервью 1, зачета 1, экспериментом 1, дедлайном 1	36.842105	2.998302	45.4	4	1828.666667	1740.795322
107	Из шкафа мама достала старую	кофту	170	2	49	шубу 22, кофту 22, шаль 15, одежду 14, книгу 9, шляпу 8, куртку 5, посуду 5, скатерть 4, вещь 4, юбку 4, сумку 4, книжку 3, куклу 3, тетрадь 3, вазу 3, шапку 3, фотографию 2, пижаму 2, чашку 2, рубашку 2, простынь 2, игрушку 2, шкатулку 2, надежду 1, шляпку 1, столешницу 1, балалайку 1, клеенку 1, обувь 1, гармошку 1, корзину 1, — 1, футболку 1, картинку 1, копилку 1, коробку 1, занавеску 1, рухлядь 1, бабушку 1, ложку 1, простыню 1, косынку 1, шинель 1, картину 1, блузку 1, жилетку 1, пластинку 1, кровать 1	12.941176	4.740895	7.7	2	2352.094118	2217.158824
108	Вернувшись в офис после отпуска, секретарша заметила новый	стол	172	0	46	стол 48, компьютер 27, шкаф 12, телефон 7, стул 7, принтер 6, диван 5, цветок 5, ноутбук 4, предмет 4, холодильник 3, интерьер 3, телевизор 3, сервиз 2, ковер 2, календарь 2, порядок 2, прибор 2, портфель 1, парк 1, поршень 1, кондиционер 1, аппарат 1, ша(?) 1, - 1, чайник 1, кабинет 1, гардероб 1, письменный стол 1, офис 1, наряд 1, замок 1, элемент порядка 1, распорядок дня 1, рабочий стол 1, кулер 1, комод 1, телефизор 1, журнал 1, стенд 1, плакат 1, чугун? 1, торшер 1, альбом 1, планшет 1, гарнитур 1	27.906977	4.183379	402.5	1	3038.005814	2841.156977
109	На кухне дочка доедает вкусный	пирог	172	0	23	пирог 60, торт 24, обед 17, завтрак 9, борщ 9, суп 8, ужин 7, бутерброд 7, пирожок 6, салат 4, омлет 4, десерт 4, тортик 2, кисель 2, носок 1, чай 1, эклеры 1, пудинг 1, чизкейк 1, арбуз 1, миндаль 1, маффин 1, яблок 1	34.883721	3.369225	16.3	2	1812.005814	1651.581395
110	Прохожие еле разминулись на узкой	тропинке	172	0	9	тропинке 96, дорожке 21, дороге 17, улице 16, улочке 9, тропе 9, лестнице 2, трубке 1, - 1	55.813953	2.095215	15.5	3	1786.831395	1587.587209
111	В киоске продавались сувениры из светло-серой	глины	165	7	33	глины 36, бумаги 33, ткани 19, керамики 11, кожи 10, пластмассы 6, замши 6, шерсти 5, материи 4, стали 3, фольги 3, - 3, пряжи 3, бумаге 3, краски 2, коллекции 1, комнаты 1, подложке 1, пластелины 1, глазури 1, обертке 1, фарфора 1, фланели 1, массы 1, газеты 1, — 1, альбом 1, курамики 1, парчи 1, оригами 1, бронзы 1, пластелина 1, картонки 1	21.818182	3.845294	18.4	2	3590.945455	3427.266667
112	Ассистент обратился за помощью к своей	помощнице	171	1	39	помощнице 20, подруге 18, начальнице 17, руководительнице 14, секретарше 11, учительнице 10, маме 7, преподавательнице 5, жене 5, соседке 5, знакомой 5, студентке 5, коллеге 5, бабушке 4, напарнице 4, сестре 3, наставнице 2, ассистентке 2, лаборантке 2, однокурснице 2, сотруднице 2, медсестре 2, спутнице 2, научной руководительнице 2, сокурснице 2, матери 2, одногруппнице 1, ученице 1, - 1, научнице 1, ассистентше 1, адъютантке 1, абитуриентке 1, подручной 1, коллеги 1, любовнице 1, тете 1, практикантке 1, подассистентке 1	11.695906	4.577944	3.9	4	3085.725146	2880.602339
113	Лектор увлечённо рассказывал о недавнем	событии	172	0	36	событии 43, происшествии 35, проишествии 16, случае 14, путешествии 12, открытии 4, инциденте 4, приключении 4, эксперименте 4, прошлом 3, экзамене 3, походе 3, мероприятии 2, опыте 2, времени 2, проишествие 1, собитии 1, посещении 1, событи 1, 3114 1, заседании 1, споре 1, петешествии 1, — 1, диспуте 1, - 1, отпуске 1, сви/свидании 1, теракте 1, нет ответа 1, заявлении 1, посетителю 1, посещении занятия 1, случаем 1, семинаре 1, будущем 1	25.000000	3.789977	206.5	4	2452.180233	2299.313953
114	Андрей устал нести тяжёлый	чемодан	171	1	23	чемодан 49, рюкзак 37, груз 33, пакет 15, портфель 13, мешок 5, саквояж 2, - 2, сундучок 1, руюкзак 1, предмет 1, бред 1, компьютер 1, баул 1, ящик 1, крест 1, ранец 1, ананас 1, сумку 1, груз бытия 1, шкаф 1, поединок 1, багаж 1	28.654971	2.992974	42.8	3	1909.444444	1776.198830
115	Грабители украли из квартиры ценный	предмет	165	7	53	предмет 30, подарок 16, груз 11, сервиз 7, экспонат 7, телевизор 7, артефакт 6, антиквариат 6, сувенир 5, товар 5, гарнитур 4, документ 3, материал 3, - 3, портрет 3, компьютер 3, магнитофон 3, вещи 3, портфель 2, кошелек 2, экземпляр 2, сундук 2, шкаф 2, чемодан 1, абажаур 1, клад 1, объект 1, металл 1, кейс 1, диван 1, сейф 1, ковер 1, секретер 1, сервант 1, девайс 1, кирпич 1, ноутбук 1, картину 1, сосуд 1, браслет 1, сервис 1, приз 1, пакет документов 1, пылесос 1, антиквар 1, альбом 1, перстень 1, стул 1, письма 1, кулон 1, амулет 1, ключ 1, башмак 1	18.181818	4.858819	154.4	2	3097.078788	2934.400000
116	Моя крестница живёт прямо напротив местного	магазина	170	2	76	магазина 22, театра 9, клуба 9, музея 7, универмага 7, банка 6, кинотеатра 5, рынка 4, супермаркета 4, дома 4, бара 4, собора 3, университета 3, парка 3, самоуправления 3, общежития 3, кладбища 3, телеграфа 3, храма 2, отделения милиции 2, ателье 2, зоопарка 2, - 2, универсама 2, ЖЭКа 2, борделя 2, загса 2, дом культуры 2, почтальона 1, дурдома 1, училища 1, почтамта 1, райцентра 1, прихода 1, муниципалитета 1, исполкома 1, отеля 1, удара 1, детсада 1, кафе 1, РУВД 1, кино 1, приюта 1, ЗАГСа 1, Кремля 1, почтового отделения 1, детского сада 1, домоправления 1, парткома 1, медпункта 1, полицейского 1, отдела полиции 1, планетария 1, ДК 1, цирка 1, дома культуры 1, дворца 1, драмтеатра 1, роддома 1, адвоката 1, участка 1, почтампа 1, жэк 1, управления 1, госпиталя 1, ресторана 1, домоуправления 1, двора 1, катка 1, ларька 1, УВД 1, отделения почты 1, управдома 1, отделения 1, монумента 1, мвд 1	12.941176	5.604257	147.2	4	3217.464706	3077.052941
117	Ирина зашла на вещевой рынок и купила недорогую	сумку	172	0	44	сумку 22, шубу 15, вещь 15, одежду 13, кофту 11, юбку 10, блузку 10, обувь 9, посуду 6, куртку 6, футболку 5, шаль 4, кофточку 4, шапку 4, сумочку 3, вазу 3, шубку 2, вещицу 2, ткань 2, мебель 2, шляпку 1, скатерть 1, картошку 1, ягоду 1, кастрюлю 1, обновку 1, - 1, тунику 1, шмотку 1, утварь 1, дубленку 1, книгу 1, блузу 1, брошь 1, игрушку 1, шинель 1, овощ/рыбу 1, одежку 1, шкатулку 1, бижутерию 1, картофель 1, еду 1, обувку 1, кровать 1	12.790698	4.632192	55.5	2	2608.261628	2430.662791
118	Парижанин с гостьей гуляли по окрестным	улицам	166	6	42	улицам 35, местам 31, паркам 11, улочкам 11, полям 10, достопримечательностям 8, Парижа 6, местностям 4, дворам 4, деревням 4, лесам 4, селам 3, городам 3, дорогам 2, лугам 2, барам 2, околицам 1, селениям 1, домам 1, пейзажам 1, предместьям 1, города 1, парку 1, садам 1, окрестностям 1, площадям 1, задворкам 1, скверам 1, кварталам 1, улицам Лондона 1, Москвы 1, дворикам 1, парка 1, нет ответа 1, областям 1, аррондисманам 1, районам 1, Елисейским полям 1, кабакам 1, горам 1, окраинам 1, набережным 1	21.084337	4.185574	337.8	3	2794.777108	2646.831325
119	Анна обожала посещать субботние	вечера	171	1	33	вечера 48, вечеринки 28, концерты 20, мероприятия 12, дискотеки 8, встречи 6, посиделки 6, танцы 5, лекции 4, выставки 4, чтения 3, утренники 3, тренировки 2, заседания 2, спектакли 2, тренинги 1, вечеренки 1, слушанья 1, дни 1, гитарники 1, конерты 1, треннинги 1, службы 1, театр 1, представления 1, тусовки 1, беседы 1, песнопения 1, занятия 1, пары 1, курсы 1, поезда 1, митинги 1	28.070175	3.731997	335.4	3	2652.807018	2498.491228
120	Всю жизнь дедушка собирал антикварные	вещи	171	1	36	вещи 65, предметы 19, марки 14, часы 12, монеты 12, украшения 5, статуэтки 4, книги 4, ложки 3, картины 3, изделия 3, вещицы 2, шкатулки 2, чаши 1, произведения 1, лампы 1, расчески 1, кружки 1, книжки 1, серьги 1, самогонные аппараты 1, ручки 1, маски 1, столики 1, вазы 1, машинки 1, тарелки 1, стаканы 1, столовые приборы 1, машины 1, бабушки 1, наперстки 1, приборы столовые 1, штуки 1, картинки 1, зажигалки 1	38.011696	3.573520	242.5	2	2811.017544	2699.947368
